ARS,mun,LEE,liv,NOT,MCI,new,WHU,ful,CRY,bur,sun,TOT,che,BRE,avl,WOL,eve,BRI,AVL,bou,LIV,not,MUN,lee,SUN,bre,tot,CHE,bri,EVE,wol,BOU,mci,NEW,FUL,whu,BUR,cry
AVL,NEW,bre,CRY,eve,sun,FUL,BUR,tot,MCI,liv,BOU,lee,WOL,bri,ARS,whu,MUN,che,ars,NOT,cry,EVE,new,BRE,bou,BRI,LEE,wol,CHE,mun,WHU,not,SUN,ful,TOT,bur,LIV,mci
BOU,liv,WOL,tot,BRI,NEW,lee,FUL,cry,NOT,mci,avl,WHU,sun,EVE,CHE,mun,BUR,bre,che,ARS,TOT,bri,LIV,wol,AVL,eve,whu,SUN,BRE,bur,MUN,ars,new,LEE,CRY,ful,MCI,not
BRE,not,AVL,sun,CHE,ful,MUN,MCI,whu,LIV,cry,NEW,bri,BUR,ars,tot,LEE,wol,BOU,TOT,eve,SUN,che,NOT,avl,new,ARS,BRI,bur,bou,WOL,lee,EVE,FUL,mun,WHU,mci,CRY,liv
BRI,FUL,eve,MCI,bou,TOT,che,wol,NEW,mun,LEE,cry,BRE,not,AVL,WHU,liv,SUN,ars,whu,BUR,mci,BOU,ful,EVE,CRY,avl,bre,NOT,ARS,sun,LIV,bur,tot,CHE,new,WOL,lee,MUN
BUR,tot,SUN,mun,LIV,NOT,mci,avl,LEE,wol,ARS,whu,CHE,bre,CRY,new,FUL,bou,EVE,NEW,bri,MUN,liv,TOT,sun,WHU,cry,che,BRE,eve,BOU,ful,BRI,not,MCI,lee,AVL,ars,WOL
CHE,CRY,whu,FUL,bre,mun,BRI,LIV,not,SUN,tot,WOL,bur,ARS,lee,bou,EVE,new,AVL,BOU,mci,ful,BRE,cry,WHU,wol,LEE,BUR,ars,avl,NEW,eve,MCI,MUN,bri,NOT,liv,TOT,sun
CRY,che,NOT,avl,SUN,whu,LIV,eve,BOU,ars,BRE,BRI,wol,MUN,bur,ful,MCI,lee,TOT,FUL,new,AVL,sun,CHE,not,bri,BUR,WOL,mun,tot,LEE,mci,NEW,WHU,liv,bou,EVE,bre,ARS
EVE,lee,BRI,wol,AVL,liv,WHU,CRY,mci,TOT,sun,FUL,mun,NEW,bou,NOT,che,ARS,bur,not,BRE,WOL,avl,LEE,bri,ful,BOU,MUN,new,BUR,ars,CHE,bre,LIV,whu,MCI,cry,SUN,tot
FUL,bri,MUN,che,LEE,BRE,avl,bou,ARS,new,WOL,eve,SUN,tot,MCI,CRY,bur,NOT,whu,cry,LIV,CHE,lee,BRI,mun,EVE,mci,sun,TOT,WHU,not,BUR,liv,bre,AVL,ars,BOU,wol,NEW
LEE,EVE,ars,NEW,ful,wol,BOU,TOT,bur,WHU,bri,not,AVL,mci,CHE,LIV,bre,CRY,sun,liv,MUN,new,FUL,eve,ARS,NOT,che,avl,MCI,SUN,cry,BRE,mun,WOL,bou,BUR,tot,BRI,whu
LIV,BOU,new,ARS,bur,EVE,cry,che,MUN,bre,AVL,mci,NOT,whu,SUN,lee,BRI,tot,WOL,LEE,ful,ars,BUR,bou,NEW,MCI,sun,not,WHU,wol,TOT,bri,FUL,eve,CRY,mun,CHE,avl,BRE
MCI,wol,TOT,bri,MUN,ars,BUR,bre,EVE,avl,BOU,LIV,new,LEE,ful,SUN,cry,WHU,not,sun,CHE,BRI,mun,WOL,tot,liv,FUL,NEW,lee,NOT,whu,CRY,che,ARS,bur,eve,BRE,bou,AVL
MUN,ARS,ful,BUR,mci,CHE,bre,SUN,liv,BRI,not,tot,EVE,cry,WHU,wol,BOU,avl,NEW,WOL,lee,bur,MCI,ars,FUL,TOT,whu,eve,CRY,new,AVL,bou,LEE,che,BRE,LIV,sun,NOT,bri
NEW,avl,LIV,lee,WOL,bou,ARS,NOT,bri,FUL,whu,bre,MCI,eve,TOT,BUR,sun,CHE,mun,bur,CRY,LEE,wol,AVL,liv,BRE,tot,mci,EVE,MUN,che,SUN,cry,BOU,ars,BRI,not,WHU,ful
NOT,BRE,cry,WHU,ars,bur,SUN,new,CHE,bou,MUN,LEE,liv,BRI,wol,eve,TOT,ful,MCI,EVE,avl,whu,ARS,bre,CRY,lee,WOL,LIV,bri,mci,FUL,tot,AVL,BUR,sun,che,NEW,mun,BOU
SUN,WHU,bur,BRE,cry,AVL,not,mun,WOL,che,EVE,ARS,ful,BOU,liv,mci,NEW,bri,LEE,MCI,tot,bre,CRY,whu,BUR,ars,LIV,FUL,bou,lee,BRI,new,TOT,avl,NOT,wol,MUN,eve,CHE
TOT,BUR,mci,BOU,whu,bri,WOL,lee,AVL,eve,CHE,MUN,ars,FUL,new,BRE,not,LIV,cry,bre,SUN,bou,WHU,bur,MCI,mun,NEW,ARS,ful,CRY,liv,NOT,sun,BRI,wol,avl,LEE,che,EVE
WHU,sun,CHE,not,TOT,CRY,eve,ars,BRE,lee,NEW,BUR,bou,LIV,mun,bri,AVL,mci,FUL,BRI,wol,NOT,tot,SUN,che,bur,MUN,BOU,liv,ful,MCI,avl,WOL,cry,EVE,bre,ARS,new,LEE
WOL,MCI,bou,EVE,new,LEE,tot,BRI,sun,BUR,ful,che,CRY,avl,NOT,MUN,ars,BRE,liv,mun,WHU,eve,NEW,mci,BOU,CHE,not,cry,AVL,LIV,bre,ARS,whu,lee,TOT,SUN,bri,FUL,bur
